City_ID,City,Lat,Lng,Max Temp,Humidity,Cloudiness,Wind Speed,Country,Date
0,berezovyy,51.6667,135.7,-9.03,68,94,1.34,RU,1699720340
1,badger,64.8,-147.5333,-8.07,73,100,1.54,US,1699720341
2,margaret river,-33.95,115.0667,12.18,69,82,6.67,AU,1699720341
3,bengkulu,-3.8004,102.2655,23.97,93,14,1.59,ID,1699720341
4,muzaffarpur,26.1167,85.4,23.07,53,0,2.39,IN,1699720341
5,tilisarao,-32.7329,-65.2911,29.91,17,0,3.67,AR,1699720341
6,olonkinbyen,70.9221,-8.7187,1.25,97,100,4.0,SJ,1699720342
7,nogliki,51.8333,143.1667,-7.03,81,99,8.05,RU,1699720342
8,vorgashor,67.5833,63.95,-8.28,97,84,3.64,RU,1699720342
9,port-aux-francais,-49.35,70.2167,3.42,63,14,5.3,TF,1699720342
10,thompson,55.7435,-97.8558,-1.91,86,100,3.6,CA,1699720342
11,waitangi,-43.9535,-176.5597,11.11,82,28,5.24,NZ,1699720342
12,grytviken,-54.2811,-36.5092,4.17,85,32,0.22,GS,1699720343
13,chinde,26.8418,88.0763,12.81,71,1,2.28,NP,1699720343
14,college,64.8569,-147.8028,-8.03,73,100,1.54,US,1699720343
15,susuman,62.7833,148.1667,-32.88,100,81,0.03,RU,1699720343
16,ushuaia,-54.8,-68.3,6.81,70,75,10.8,AR,1699720344
17,enriquillo,17.9,-71.2333,29.2,70,6,7.05,DO,1699720344
18,qaqortoq,60.7167,-46.0333,-1.27,68,36,3.41,GL,1699720159
19,hoi an,15.8794,108.335,26.98,90,4,2.36,VN,1699720344
20,paracuru,-3.41,-39.0306,28.39,54,3,7.13,BR,1699720344
21,pak kret,13.913,100.4988,28.88,92,20,2.06,TH,1699720345
22,albany,42.6001,-73.9662,7.98,58,3,3.13,US,1699720345
23,itoman,26.1247,127.6694,21.21,88,100,7.2,JP,1699720345
24,bilibino,68.0546,166.4372,-30.94,100,89,1.41,RU,1699720345
25,zaysan,47.4667,84.8667,0.19,90,29,1.14,KZ,1699720346
26,villa mercedes,-33.6757,-65.4578,28.7,21,0,5.35,AR,1699720293
27,adamstown,-25.066,-130.1015,22.6,82,28,4.65,PN,1699720346
28,salekhard,66.53,66.6019,-6.68,97,97,1.86,RU,1699720346
29,longyearbyen,78.2186,15.6401,-6.09,68,75,3.6,SJ,1699720346
30,iqaluit,63.7506,-68.5145,-7.15,79,75,5.66,CA,1699720347
31,yanjiang,30.1211,104.6481,14.75,79,100,5.88,CN,1699720163
32,puerto natales,-51.7236,-72.4875,8.32,47,100,5.03,CL,1699720297
33,bethel,41.3712,-73.414,11.68,55,75,2.57,US,1699720347
34,blackmans bay,-43.0167,147.3167,9.07,87,61,0.45,AU,1699720347
35,kerikeri,-35.2268,173.9474,8.42,86,80,2.0,NZ,1699720347
36,whitehorse,60.7161,-135.0538,-2.17,100,75,1.54,CA,1699720123
37,nadym,65.5333,72.5167,-1.81,98,100,6.21,RU,1699720348
38,dalandzadgad,43.5708,104.425,-5.78,28,0,3.78,MN,1699720348
39,talnakh,69.4865,88.3972,-11.02,95,100,2.98,RU,1699720348
40,gokceada,40.2011,25.909,18.6,70,100,10.13,TR,1699720348
41,malango,-2.9627,119.9001,20.39,95,97,0.6,ID,1699720349
42,tondano,1.3038,124.9112,21.05,98,100,1.5,ID,1699720349
43,punta arenas,-53.15,-70.9167,5.62,43,96,7.82,CL,1699720344
44,christchurch,-43.5333,172.6333,9.12,85,6,1.54,NZ,1699720202
45,ivdel',60.6911,60.4206,2.33,91,100,1.34,RU,1699720349
46,udachny,66.4167,112.4,-15.38,90,36,2.49,RU,1699720349
47,mantua,45.1667,10.7833,12.58,87,1,0.89,IT,1699720350
48,remire-montjoly,4.9167,-52.2667,29.19,72,2,5.77,GF,1699720350
49,remedios,22.4947,-79.5458,29.51,78,71,7.59,CU,1699720350
50,enewetak,11.3474,162.3373,27.99,77,90,6.65,MH,1699720350
51,papatowai,-46.5619,169.4708,8.95,78,49,3.73,NZ,1699720350
52,xunchang,28.4543,104.715,17.35,87,99,1.66,CN,1699720352
53,brookings,44.3114,-96.7984,5.25,76,0,4.63,US,1699720352
54,weno,7.4515,151.8468,26.97,89,40,3.09,FM,1699720352
55,paita,-5.0892,-81.1144,24.16,67,42,5.14,PE,1699720353
56,kalmunai,7.4167,81.8167,26.12,87,57,1.01,LK,1699720353
57,port augusta,-32.5,137.7667,15.64,60,67,7.02,AU,1699720353
58,koutiala,12.3917,-5.4642,36.34,12,73,3.42,ML,1699720353
59,alvorada,-12.48,-49.1247,38.05,22,66,3.45,BR,1699720354
60,sinabang,2.4803,96.3801,25.78,85,92,1.06,ID,1699720354
61,kodiak,57.79,-152.4072,1.73,48,100,9.26,US,1699720354
62,edinburgh of the seven seas,-37.0676,-12.3116,14.94,93,100,15.11,SH,1699720354
63,chernomorskoye,45.5039,32.6997,14.83,95,76,10.66,UA,1699720355
64,tateyama,34.9833,139.8667,13.39,76,100,6.57,JP,1699720355
65,la passe,45.5549,-0.8967,12.13,93,100,4.99,FR,1699720355
66,pangai,-19.8,-174.35,24.12,83,100,12.31,TO,1699720355
67,port elizabeth,-33.918,25.5701,19.16,86,0,9.26,ZA,1699720355
68,st. john's,47.5649,-52.7093,3.87,93,100,8.75,CA,1699720207
69,gadzhiyevo,69.2551,33.3362,-5.88,85,81,2.87,RU,1699720356
70,tura,25.5198,90.2201,19.08,87,0,1.72,IN,1699720356
71,puerto aysen,-45.4,-72.7,8.14,92,90,2.64,CL,1699720297
72,tolanaro,-25.0319,46.9987,23.04,64,40,6.17,MG,1699720356
73,vadso,70.0744,29.7487,-2.91,80,20,7.2,NO,1699720357
74,mejit,10.2753,170.8646,27.29,83,100,7.85,MH,1699720357
75,dunedin,-45.8742,170.5036,9.59,75,84,2.68,NZ,1699720211
76,richmond,37.5538,-77.4603,11.71,70,75,2.06,US,1699720258
77,mitu,1.1983,-70.1733,31.35,58,96,0.9,CO,1699720357
78,novyy urgal,51.0736,132.5642,-16.27,97,34,0.73,RU,1699720358
79,villa gesell,-37.2639,-56.973,23.92,62,39,7.75,AR,1699720358
80,bardai,11.65,7.2333,28.57,19,71,2.88,NG,1699720358
81,siem reap,13.5,104.0,24.96,89,32,1.2,KH,1699720358
82,avarua,-21.2078,-159.775,23.03,94,20,1.03,CK,1699720358
83,lompoc,34.6391,-120.4579,21.03,68,0,2.57,US,1699720314
84,mount pearl,47.5166,-52.7813,3.41,93,100,8.75,CA,1699720358
85,ust-nera,64.5667,143.2,-33.01,99,64,1.95,RU,1699720359
86,nova sintra,14.8667,-24.7167,22.46,71,89,5.25,CV,1699720359
87,jamestown,42.097,-79.2353,6.68,71,100,3.09,US,1699720245
88,zeya,53.75,127.2667,-12.51,74,50,1.88,RU,1699720359
89,santyoku,37.4406,129.1708,3.92,50,20,3.82,KR,1699720359
90,timmins,48.4669,-81.3331,-2.1,74,100,1.54,CA,1699720204
91,sterling,39.0062,-77.4286,13.4,72,40,4.12,US,1699720360
92,motueka,-41.1333,173.0167,8.94,77,6,2.46,NZ,1699720360
93,pauini,-7.7136,-66.9764,39.85,28,20,1.38,BR,1699720360
94,codrington,-38.2667,141.9667,8.72,86,11,3.26,AU,1699720360
95,hermanus,-34.4187,19.2345,17.1,74,0,5.97,ZA,1699720361
96,ulsan,35.5372,129.3167,4.96,47,95,4.18,KR,1699720361
97,vila velha,-20.3297,-40.2925,30.97,70,0,9.26,BR,1699720361
98,petoskey,45.3733,-84.9553,5.87,65,100,1.54,US,1699720115
99,daru,-9.0763,143.2092,25.46,77,36,5.03,PG,1699720362
100,cole harbour,44.6724,-63.4751,7.62,76,97,4.63,CA,1699720345
101,stanley,54.868,-1.6985,6.14,85,20,1.54,GB,1699720362
102,masterton,-40.9597,175.6575,11.05,98,10,1.93,NZ,1699720362
103,bredasdorp,-34.5322,20.0403,17.29,62,4,7.56,ZA,1699720362
104,odda,60.0691,6.5457,4.87,87,64,3.12,NO,1699720363
105,nouadhibou,20.931,-17.0347,26.99,44,77,6.17,MR,1699720363
106,constantia,44.1833,28.65,11.38,70,100,6.54,RO,1699720363
107,polyarnyy,69.1989,33.4478,-5.6,84,80,2.77,RU,1699720363
108,irtyshsk,53.3333,75.4572,4.8,74,100,3.66,KZ,1699720363
109,bubaque,11.2833,-15.8333,28.7,52,74,2.74,GW,1699720363
110,klyuchi,52.2667,79.1667,4.6,76,99,5.04,RU,1699720363
111,holmsund,63.706,20.3641,-1.03,86,75,5.14,SE,1699720161
112,petropavlovsk-kamchatsky,53.0452,158.6483,0.33,98,75,6.0,RU,1699720264
113,vilyuchinsk,52.9306,158.4028,1.15,74,74,12.28,RU,1699720364
114,port blair,11.6667,92.75,28.02,83,40,1.03,IN,1699720364
115,ribeira grande,38.5167,-28.7,21.22,88,40,5.66,PT,1699720364
116,bathsheba,13.2167,-59.5167,29.34,84,20,10.29,BB,1699720365
117,klaksvik,62.2266,-6.589,3.51,68,89,6.58,FO,1699720365
118,cefalu,38.0386,14.0229,19.74,64,10,2.68,IT,1699720365
119,toungo,8.1167,12.05,28.72,52,80,1.41,NG,1699720365
120,aasiaat,68.7098,-52.8699,-12.79,78,100,3.02,GL,1699720366
121,amga,60.8953,131.9608,-15.25,97,100,1.09,RU,1699720366
122,patos de minas,-18.5789,-46.5181,36.52,12,14,3.47,BR,1699720366
123,beledweyne,4.7358,45.2036,25.3,82,96,6.7,SO,1699720366
124,port mathurin,-19.6833,63.4167,25.36,80,13,3.95,MU,1699720366
125,mahina,-17.5065,-149.489,26.87,74,75,3.6,PF,1699720366
126,arar,30.9753,41.0381,25.01,20,0,4.12,SA,1699720366
127,birobidzhan,48.8,132.95,-15.1,94,12,2.19,RU,1699720367
128,montevideo,-34.8335,-56.1674,22.84,78,40,7.72,UY,1699720231
129,qarqaraly,49.4058,75.4742,3.63,71,100,5.86,KZ,1699720367
130,ocean shores,46.9737,-124.1563,12.19,90,100,7.72,US,1699720367
131,sarkisla,39.3519,36.4098,14.3,48,93,3.11,TR,1699720367
132,kitimat,54.0524,-128.6534,3.84,64,100,2.68,CA,1699720367
133,damghan,36.1683,54.348,14.59,59,4,0.74,IR,1699720368
134,invercargill,-46.4,168.35,13.34,61,72,3.58,NZ,1699720311
135,lexington,37.9887,-84.4777,10.69,55,0,3.09,US,1699720354
136,dniprorudne,47.3817,34.9765,10.6,75,98,11.05,UA,1699720368
137,n'zeto,-7.2312,12.8666,26.26,80,67,2.24,AO,1699720368
138,pujehun,7.3581,-11.7208,28.0,78,89,2.0,SL,1699720368
139,chonchi,-42.6128,-73.8092,11.73,83,70,4.62,CL,1699720368
140,muleba,-1.8397,31.6544,21.02,75,65,0.92,TZ,1699720369
141,jayapura,-2.5333,140.7,26.66,92,97,2.49,ID,1699720369
142,qinnan,33.2531,119.9133,7.55,79,100,4.86,CN,1699720369
143,wailua homesteads,22.0669,-159.378,24.44,87,100,6.69,US,1699720369
144,guaxupe,-21.3053,-46.7128,35.12,16,11,3.16,BR,1699720370
145,ilulissat,69.2167,-51.1,-7.99,49,75,4.12,GL,1699720370
146,tiksi,71.6872,128.8694,-11.3,87,100,7.81,RU,1699720334
147,mandalgovi,45.7625,106.2708,-9.83,40,0,5.54,MN,1699720370
148,kingston,17.997,-76.7936,31.8,64,75,3.09,JM,1699720214
149,villeneuve-sur-yonne,48.0825,3.2969,7.87,93,99,3.1,FR,1699720370
150,mount isa,-20.7333,139.5,23.87,73,91,2.57,AU,1699720370
151,fortuna,40.5982,-124.1573,7.59,100,75,0.0,US,1699720370
152,puerto ayora,-0.7393,-90.3518,29.98,84,80,4.92,EC,1699720371
153,port-vila,-17.7338,168.3219,23.68,78,91,9.54,VU,1699720371
154,grand-lahou,5.1367,-5.0242,27.59,81,39,4.11,CI,1699720371
155,an nuhud,12.7,28.4333,32.61,29,89,3.61,SD,1699720371
156,hastings,50.8552,0.5729,8.86,75,4,2.29,GB,1699720197
157,whitecourt,54.1502,-115.6855,-3.42,74,75,0.0,CA,1699720371
158,melilla,35.2937,-2.9383,25.11,68,20,5.14,ES,1699720372
159,kuala tungkal,-0.8167,103.4667,26.78,82,15,2.14,ID,1699720372
160,rio grande,-32.035,-52.0986,23.06,85,98,5.92,BR,1699720312
161,ibarreta,-25.2144,-59.8585,43.85,18,82,7.51,AR,1699720372
162,hithadhoo,-0.6,73.0833,27.15,83,22,5.33,MV,1699720372
163,pachino,36.7186,15.0907,18.99,67,84,8.76,IT,1699720372
164,utrik,11.2278,169.8474,26.03,91,100,6.72,MH,1699720372
165,fale old settlement,-9.3852,-171.2468,28.77,73,20,3.41,TK,1699720372
166,guerrero negro,27.9769,-114.0611,19.94,34,0,0.55,MX,1699720167
167,concordia,-31.393,-58.0209,28.21,65,62,1.79,AR,1699720205
168,bayana,26.9,77.2833,20.65,47,0,1.95,IN,1699720373
169,auki,-8.7676,160.7034,25.56,91,100,4.21,SB,1699720373
170,borogontsy,62.6683,131.1683,-20.97,99,100,1.27,RU,1699720373
171,saldanha,-33.0117,17.9442,21.03,85,28,5.06,ZA,1699720374
172,ternate,0.8,127.4,27.0,79,97,1.12,ID,1699720374
173,pointe-noire,-4.7761,11.8635,26.3,81,99,2.07,CG,1699720374
174,road town,18.4167,-64.6167,31.05,70,40,5.14,VG,1699720374
175,tazovsky,67.4667,78.7,-4.68,95,100,4.33,RU,1699720374
176,hawera,-39.5917,174.2833,9.46,90,11,4.76,NZ,1699720147
177,dong ha,16.8163,107.1003,24.54,93,17,0.69,VN,1699720375
178,palikir - national government center,6.9248,158.1611,24.41,94,75,1.54,FM,1699720375
179,santa rosa de cabal,4.8681,-75.6214,23.58,75,40,2.57,CO,1699720375
180,oranjemund,-28.55,16.4333,16.87,79,1,7.76,NA,1699720376
181,shetpe,44.1667,52.1167,7.28,60,3,1.49,KZ,1699720376
182,nieuw amsterdam,5.8833,-55.0833,35.09,49,40,2.57,SR,1699720376
183,ola,59.5833,151.2833,-17.83,83,1,5.81,RU,1699720377
184,shizunai-furukawacho,42.3339,142.3669,2.38,66,72,5.64,JP,1699720377
185,alice springs,-23.7,133.8833,28.75,45,16,4.63,AU,1699720377
186,kolonia town,6.964,158.206,25.0,94,75,1.54,FM,1699720377
187,jindabyne,-36.4167,148.6333,12.81,94,77,0.9,AU,1699720377
188,sao joao da barra,-21.6403,-41.0511,32.05,75,18,6.13,BR,1699720233
189,talcahuano,-36.7167,-73.1167,9.9,75,100,6.86,CL,1699720284
190,byron bay,-28.65,153.6167,18.17,87,38,3.82,AU,1699720378
191,changtu,42.7788,124.0955,-14.75,97,21,1.26,CN,1699720378
192,kailua-kona,19.6406,-155.9956,23.06,95,100,4.63,US,1699720378
193,saint-philippe,-21.3585,55.7679,24.77,84,76,4.85,RE,1699720378
194,lamu,-2.2717,40.902,26.12,83,97,2.8,KE,1699720379
195,lata,40.1629,-8.3327,18.93,90,100,3.12,PT,1699720379
196,nurota,40.5614,65.6886,9.06,56,79,2.79,UZ,1699720379
197,messini,37.0511,22.0078,20.66,77,40,1.54,GR,1699720379
198,choibalsan,48.0667,114.5,-15.13,90,14,3.84,MN,1699720379
199,sabirabad,40.0095,48.4752,14.43,71,79,1.54,AZ,1699720379
200,cinisi,38.1562,13.1073,19.56,63,20,8.75,IT,1699720379
201,tsiombe,-25.3,45.4833,21.37,65,0,6.84,MG,1699720380
202,kirakira,-10.4544,161.9205,26.17,88,100,3.95,SB,1699720380
203,lodwar,3.1191,35.5973,30.54,44,43,7.36,KE,1699720380
204,fort bragg,35.139,-79.006,11.57,88,100,2.06,US,1699720234
205,wajir,1.7471,40.0573,28.97,62,96,2.73,KE,1699720380
206,birjand,32.8663,59.2211,13.26,28,0,2.06,IR,1699720380
207,cidreira,-30.1811,-50.2056,22.28,96,98,3.32,BR,1699720380
208,alofi,-19.0595,-169.9187,21.94,100,100,7.72,NU,1699720381
209,port alfred,-33.5906,26.891,19.54,87,26,2.68,ZA,1699720381
210,atafu village,-8.5421,-172.5159,28.73,74,36,4.45,TK,1699720381
211,rmi capitol,7.0893,171.3805,26.97,89,100,3.09,MH,1699720381
212,nikolayevsk-on-amure,53.1406,140.73,-10.92,92,99,4.03,RU,1699720381
213,crockett,31.3182,-95.4566,12.99,94,100,3.6,US,1699720381
214,lanxi,29.2195,119.477,12.12,94,100,1.08,CN,1699720382
215,goiatuba,-18.0125,-49.3547,38.47,14,34,3.67,BR,1699720382
216,anadyr,64.75,177.4833,-17.72,91,20,3.0,RU,1699720382
217,kivertsi,50.8343,25.4582,8.97,85,100,2.88,UA,1699720382
218,georgetown,5.4112,100.3354,26.12,95,20,2.57,MY,1699720273
219,carbonear,47.7332,-53.2148,4.12,91,100,9.25,CA,1699720383
220,zag,46.9441,99.165,-15.85,79,6,1.65,MN,1699720383
221,codajas,-3.8367,-62.0569,36.72,33,58,1.7,BR,1699720383
222,smara,26.7384,-11.6719,31.68,15,1,2.98,EH,1699720383
223,west island,-12.1568,96.8225,25.99,83,40,3.09,CC,1699720383
224,fuglafjordur,62.244,-6.814,3.26,70,88,5.52,FO,1699720383
225,bay roberts,47.5999,-53.2648,4.07,92,100,4.47,CA,1699720384
226,touros,-5.1989,-35.4608,29.39,54,1,7.18,BR,1699720384
227,dili,-8.5586,125.5736,26.63,71,97,1.6,TL,1699720384
228,jampur,29.6441,70.5954,20.99,40,0,1.75,PK,1699720384
229,haiku-pauwela,20.9219,-156.3051,23.36,80,40,6.17,US,1699720385
230,dishna,26.1247,32.476,30.1,27,100,1.69,EG,1699720385
231,chemolgan,43.1897,76.5292,4.81,51,100,0.71,KZ,1699720385
232,korla,41.7597,86.1469,3.94,76,48,2.95,CN,1699720385
233,coruripe,-10.1256,-36.1756,28.75,54,29,6.12,BR,1699720386
234,saint-joseph,-21.3667,55.6167,24.21,85,71,3.98,RE,1699720386
235,formosa do rio preto,-11.0483,-45.1931,37.89,16,14,3.65,BR,1699720386
236,huarmey,-10.0681,-78.1522,23.45,70,35,5.08,PE,1699720386
237,kiiminki,65.1314,25.7974,-8.19,92,9,3.0,FI,1699720387
238,crane,31.3974,-102.3501,11.6,69,100,1.89,US,1699720387
239,labrador city,52.9463,-66.9114,-7.05,79,100,2.57,CA,1699720209
240,cabedelo,-6.9811,-34.8339,29.37,63,64,6.16,BR,1699720387
241,markala,13.7021,-6.0659,36.2,13,45,2.78,ML,1699720387
242,ca mau,9.1769,105.15,24.98,95,89,2.14,VN,1699720387
243,fort st. john,56.2499,-120.8529,-0.06,86,40,1.54,CA,1699720388
244,kadugli,11.0167,29.7167,29.94,47,80,1.2,SD,1699720388
245,al bawiti,28.3492,28.8659,22.6,57,95,1.77,EG,1699720388
246,sao felix do xingu,-6.6447,-51.995,37.68,27,21,2.04,BR,1699720388
247,charleston,32.7766,-79.9309,13.34,92,100,4.63,US,1699720130
248,urzhar,47.093,81.6294,5.52,74,64,4.04,KZ,1699720389
249,nabire,-3.3667,135.4833,25.04,89,100,2.03,ID,1699720389
250,kutum,14.2,24.6667,25.68,25,99,1.03,SD,1699720389
251,souillac,-20.5167,57.5167,24.21,88,75,1.54,MU,1699720389
252,labuan,5.2767,115.2417,26.2,89,20,0.0,MY,1699720390
253,al jawf,29.5,38.75,25.44,26,98,4.69,SA,1699720390
254,inhambane,-23.865,35.3833,24.99,69,0,3.6,MZ,1699720390
255,yellowknife,62.456,-114.3525,-0.88,100,75,5.14,CA,1699720217
256,arkhipo-osipovka,44.37,38.52,14.8,80,64,7.44,RU,1699720390
257,whakatane,-37.9585,176.9854,13.06,90,88,0.45,NZ,1699720390
258,ceeldheer,3.8488,47.1806,24.77,89,100,3.34,SO,1699720391
259,callao,-12.0667,-77.15,23.16,60,75,5.14,PE,1699720225
260,kenai,60.5544,-151.2583,-2.7,94,100,1.54,US,1699720391
261,hamilton,39.1834,-84.5333,10.14,55,0,3.6,US,1699720310
262,carnarvon,-24.8667,113.6333,20.24,80,4,5.44,AU,1699720391
263,ciudad lazaro cardenas,17.9583,-102.2,29.64,65,38,0.14,MX,1699720392
264,carahue,-38.7,-73.1667,9.83,72,100,5.16,CL,1699720392
265,san patricio,28.017,-97.5169,15.66,81,100,3.47,US,1699720392
266,phongsali,21.6833,102.1058,18.09,71,76,0.18,LA,1699720392
267,acarau,-2.8856,-40.12,30.82,52,32,8.98,BR,1699720392
268,hawaiian paradise park,19.5933,-154.9731,21.13,95,100,2.57,US,1699720392
269,knittelfeld,47.2167,14.8167,6.93,52,75,4.12,AT,1699720393
270,yuzhno-kurilsk,44.0306,145.8556,2.43,80,77,2.59,RU,1699720393
271,phalaborwa,-23.943,31.1411,32.6,30,0,3.08,ZA,1699720393
272,walvis bay,-22.9575,14.5053,17.14,80,62,9.43,NA,1699720393
273,pokhara,28.2333,83.9833,14.16,78,13,3.3,NP,1699720394
274,argo,37.6333,22.7333,19.32,72,98,3.18,GR,1699720394
275,tralee,52.2704,-9.7026,10.14,76,20,6.17,IE,1699720394
276,cambria,35.5641,-121.0808,18.12,70,12,0.89,US,1699720394
277,kapuskasing,49.4169,-82.4331,-1.95,93,100,2.57,CA,1699720358
278,tomohon,1.3346,124.8392,20.52,98,100,1.47,ID,1699720394
279,gizo,-8.103,156.8419,27.35,77,100,8.81,SB,1699720395
280,sao jose da coroa grande,-8.8978,-35.1478,28.58,56,46,5.16,BR,1699720395
281,tataouine,32.9297,10.4518,19.84,40,1,1.66,TN,1699720395
282,yelizovo,53.1873,158.3805,1.08,74,75,6.0,RU,1699720396
283,at taraf,25.3628,49.725,28.3,54,100,4.23,SA,1699720396
284,huicungo,-7.2833,-76.8,28.14,84,75,3.09,PE,1699720396
285,oranjestad,12.524,-70.027,30.97,70,20,8.75,AW,1699720136
286,jabor,5.921,169.6434,27.27,86,100,7.26,MH,1699720396
287,la mira,18.035,-102.3266,29.9,62,40,0.7,MX,1699720396
288,chernyshevskiy,63.0128,112.4714,-10.89,83,98,4.6,RU,1699720397
289,praia da vitoria,38.7333,-27.0667,22.14,73,20,3.56,PT,1699720397
290,grand falls-windsor,48.9332,-55.6649,2.5,87,100,1.79,CA,1699720397
291,ponta delgada,37.7333,-25.6667,22.33,88,20,6.69,PT,1699720397
292,kamaishi,39.2667,141.8833,4.44,76,28,2.13,JP,1699720398
293,sitka,57.0531,-135.33,3.94,81,100,4.63,US,1699720398
294,ndende,-2.4008,11.3581,23.47,96,100,0.53,GA,1699720398
295,wukari,7.85,9.7833,31.37,46,72,2.19,NG,1699720398
296,laojunmiao,39.8333,97.7333,-1.61,35,100,2.22,CN,1699720399
297,vikhorevka,56.1201,101.1636,-10.23,94,5,1.25,RU,1699720339
298,novyy svit,47.8059,38.0211,9.04,61,100,6.42,UA,1699720399
299,cockburn town,21.4612,-71.1419,27.89,77,9,9.67,TC,1699720400
300,kagoshima,31.5602,130.5581,14.46,79,100,2.27,JP,1699720400
301,namibe,-15.1961,12.1522,21.85,73,95,4.14,AO,1699720400
302,faya-largeau,17.9257,19.1043,29.95,19,98,4.38,TD,1699720400
303,majalgaon,19.15,76.2333,23.54,50,91,2.56,IN,1699720401
304,ebon,4.582,168.6964,26.97,85,100,4.9,MH,1699720401
305,portland,45.5234,-122.6762,12.56,86,75,8.49,US,1699719743
306,borzya,50.3833,116.5167,-18.85,96,5,1.05,RU,1699720401
307,rongelap,11.1635,166.8941,27.51,82,97,7.41,MH,1699720402
308,havre,49.5833,0.3333,9.87,87,75,1.54,FR,1699720402
309,sisimiut,66.9395,-53.6735,-6.13,88,100,5.04,GL,1699720276
310,la ronge,55.1001,-105.2842,-2.86,80,75,4.12,CA,1699720402
311,mil'kovo,55.6078,37.7956,5.79,86,100,4.33,RU,1699720402
312,minot,48.2325,-101.2963,0.57,86,0,6.17,US,1699720262
313,olyokminsk,60.3736,120.4264,-5.77,71,100,5.85,RU,1699720403
314,balabac,7.9868,117.0645,27.6,80,11,2.63,PH,1699720403
315,canmore,51.0834,-115.3521,5.06,92,46,2.06,CA,1699720265
316,berriane,32.8265,3.7669,25.47,36,1,4.01,DZ,1699720403
317,afaahiti,-17.75,-149.2833,25.93,81,84,6.46,PF,1699720403
318,kongsvinger,60.1905,11.9977,0.82,97,100,2.58,NO,1699720403
319,tarawa,1.419,172.984,26.32,93,100,7.99,KI,1699720404
320,saipan,15.1355,145.701,27.39,89,20,6.17,MP,1699720404
321,manghit,42.1156,60.0597,4.99,51,3,3.21,UZ,1699720404
322,arraial do cabo,-22.9661,-42.0278,26.92,74,0,6.69,BR,1699720404
323,undurkhaan,47.3194,110.6556,-18.19,92,11,1.69,MN,1699720405
324,murun-kuren,49.6342,100.1625,-10.78,71,2,1.02,MN,1699720405
325,independencia,-5.3964,-40.3086,36.23,18,0,3.99,BR,1699720405
326,quiberon,47.4841,-3.1196,13.37,85,100,3.58,FR,1699720405
327,kone,-21.0595,164.8658,18.38,85,17,1.96,NC,1699720406
328,prado,-17.3411,-39.2208,28.8,58,5,7.17,BR,1699720406
329,iskateley,67.6803,53.1512,-4.99,94,93,8.05,RU,1699720406
330,naze,28.3667,129.4833,17.51,70,96,5.61,JP,1699720406
331,quellon,-43.1167,-73.6167,6.92,83,93,8.02,CL,1699720407
332,quimili,-27.6333,-62.4167,37.91,33,2,2.04,AR,1699720407
333,shimoda,34.6667,138.95,11.72,88,100,6.31,JP,1699720407
334,gebeit,21.0667,36.3167,26.02,57,21,5.76,SD,1699720407
335,kingscliff,-28.2667,153.5667,19.29,88,75,1.54,AU,1699720407
336,svit,49.0601,20.2069,4.94,93,75,2.06,SK,1699720408
337,brokopondo,4.75,-55.1667,32.83,50,13,1.92,SR,1699720408
338,leava,-14.3,-178.1667,27.05,83,100,5.66,WF,1699720408
339,paso de carrasco,-34.8603,-56.0522,23.08,83,40,7.72,UY,1699720408
340,hinthada,17.6333,95.4667,25.69,84,19,2.65,MM,1699720408
341,spring valley,36.108,-115.245,15.76,18,0,1.54,US,1699720409
342,luebo,-5.35,21.4167,22.24,97,98,1.13,CD,1699720409
343,coxen hole,16.3244,-86.5366,26.6,89,75,2.06,HN,1699720409
344,khao wong,16.7001,104.0902,23.47,91,11,1.8,TH,1699720410
345,chibougamau,49.9168,-74.3659,-4.21,80,100,4.12,CA,1699720410
346,alaghsas,17.0187,8.0168,34.94,10,0,5.14,NE,1699720410
347,tazacorte,28.629,-17.9293,24.53,76,75,5.14,ES,1699720410
348,phan rang-thap cham,11.5667,108.9833,24.41,90,65,2.65,VN,1699720410
349,turtas,58.9417,69.1325,-0.16,98,100,2.41,RU,1699720411
350,uturoa,-16.7333,-151.4333,27.25,79,96,4.71,PF,1699720411
351,droitwich,52.2667,-2.15,8.23,89,45,1.57,GB,1699720411
352,ghat,24.9647,10.1728,26.04,13,0,4.05,LY,1699720411
353,dudinka,69.4058,86.1778,-11.55,98,100,2.91,RU,1699720412
354,umba,66.6871,34.3429,-6.19,92,26,3.02,RU,1699720412
355,east london,-33.0153,27.9116,19.52,82,75,9.26,ZA,1699720412
356,chilapa de alvarez,17.6,-99.1667,23.42,68,15,2.13,MX,1699720412
357,plastun,44.7561,136.2939,-7.32,61,0,3.17,RU,1699720338
358,kostroma,57.7708,40.9344,3.45,92,100,2.24,RU,1699720413
359,nova olinda do norte,-3.8881,-59.0942,40.04,27,50,2.24,BR,1699720413
360,sandnessjoen,66.0217,12.6316,0.29,64,0,6.74,NO,1699720413
361,tinajo,29.0788,-13.7081,23.49,69,20,9.77,ES,1699720413
362,charlotte amalie,18.3419,-64.9307,30.85,70,40,8.23,VI,1699720289
363,napanee,44.2501,-76.9494,2.91,42,3,2.26,CA,1699720414
364,betio village,1.358,172.9211,26.19,94,100,8.34,KI,1699720414
365,gray,35.4167,-100.802,11.89,45,69,5.56,US,1699720414
366,santa ana de yacuma,-13.75,-65.4333,34.97,49,75,6.17,BO,1699720415
367,new richmond,45.123,-92.5366,3.84,84,100,3.09,US,1699720245
368,nikol'sk,53.7189,46.0712,2.33,91,38,2.11,RU,1699720415
369,missoula,47.0166,-113.8009,-1.06,90,69,1.98,US,1699720348
370,pisco,-13.7,-76.2167,21.03,73,100,2.57,PE,1699720415
371,anda,46.4,125.3167,-16.93,87,17,1.6,CN,1699720415
372,lihue,21.9789,-159.3672,24.77,82,100,6.69,US,1699720416
373,boise,43.6135,-116.2035,10.12,60,0,4.63,US,1699720214
374,shingu,33.7333,135.9833,12.62,68,96,1.59,JP,1699720416
375,francisco i. madero,29.7059,-107.8043,12.55,50,45,2.28,MX,1699720416
376,almodovar del campo,38.7094,-4.1791,16.68,78,100,4.65,ES,1699720416
377,mossel bay,-34.1831,22.146,17.96,75,27,5.18,ZA,1699720417
378,vila franca do campo,37.7167,-25.4333,22.16,99,12,4.01,PT,1699720417
379,kargasok,59.0556,80.8572,1.09,94,100,2.68,RU,1699720417
380,kolonia,50.9333,6.95,8.87,80,75,2.06,DE,1699720234
381,thames,-37.1333,175.5333,9.09,95,6,1.12,NZ,1699720418
382,kupang,-10.1667,123.5833,28.32,83,51,2.57,ID,1699720418
383,lebu,-37.6167,-73.65,10.89,59,100,7.52,CL,1699720418
384,okha,53.5739,142.9478,-5.67,79,100,7.02,RU,1699720337
385,marsh harbour,26.5412,-77.0636,26.49,78,7,6.0,BS,1699720223
386,xai-xai,-25.0519,33.6442,23.83,75,0,5.15,MZ,1699720418
387,marka,1.7159,44.7717,27.64,79,97,4.82,SO,1699720418
388,bouca,6.5105,18.2733,21.03,97,98,0.86,CF,1699720419
389,jiangyou,31.7667,104.7167,13.76,85,100,0.03,CN,1699720419
390,xilin hot,43.9667,116.0333,-14.86,89,91,1.8,CN,1699720419
391,bairnsdale,-37.8333,147.6167,8.83,94,1,1.51,AU,1699720419
392,brinkmann,-30.8659,-62.0374,31.66,35,5,3.3,AR,1699720419
393,papao,-17.75,-149.55,26.82,78,90,5.52,PF,1699720419
394,yokadouma,3.5167,15.05,22.22,96,96,1.34,CM,1699720419
395,suva,-18.1416,178.4415,22.71,94,75,2.06,FJ,1699720420
396,arica,-18.475,-70.3042,24.75,70,25,3.77,CL,1699720420
397,chukhloma,58.7525,42.6825,1.72,91,100,3.58,RU,1699720420
398,zhoukou,33.6333,114.6333,2.54,77,15,2.28,CN,1699720420
399,vuktyl,63.8567,57.3094,-3.83,98,97,1.34,RU,1699720420
400,bajitpur,24.2167,90.95,22.05,66,2,2.34,BD,1699720420
401,isafjordur,66.0755,-23.124,0.02,80,40,1.03,IS,1699720420
402,buka,40.8108,69.1986,11.46,59,100,5.93,UZ,1699720421
403,komyshuvakha,47.7176,35.5288,10.71,64,100,8.76,UA,1699720421
404,oistins,13.0667,-59.5333,29.05,84,20,10.29,BB,1699720421
405,flin flon,54.7682,-101.865,-1.09,86,0,5.66,CA,1699720421
406,uttarkashi,30.7333,78.45,12.89,57,8,2.5,IN,1699720421
407,yeppoon,-23.1333,150.7333,20.88,68,68,4.53,AU,1699720421
408,yigo village,13.5361,144.8886,27.62,83,75,9.77,GU,1699720421
409,flying fish cove,-10.4217,105.6791,25.82,78,75,4.63,CX,1699720422
410,tres arroyos,-38.3739,-60.2798,25.41,27,40,6.27,AR,1699720422
411,queenstown,-31.8976,26.8753,18.84,64,71,5.54,ZA,1699720422
412,sangsong-ni,39.1694,126.8856,-3.79,56,0,1.53,KP,1699720422
413,khandyga,62.6667,135.6,-28.22,99,99,1.54,RU,1699720422
414,paslek,54.0616,19.6593,6.42,86,100,1.53,PL,1699720422
415,mayya,61.7333,130.2811,-16.38,97,100,0.46,RU,1699720422
416,portales,34.1862,-103.3344,10.01,67,7,3.95,US,1699720422
417,ixtapa,20.7,-105.2,29.57,70,75,0.89,MX,1699720423
418,trevelin,-43.0858,-71.4639,9.28,52,99,6.24,AR,1699720423
419,zhangjiakou,40.81,114.8794,-6.11,39,6,3.52,CN,1699720424
420,alghero,40.5589,8.3181,17.05,82,40,2.06,IT,1699720424
421,madera,37.1666,-119.8343,21.1,54,93,0.66,US,1699720425
422,kismayo,-0.3582,42.5454,27.42,79,64,3.44,SO,1699720425
423,aqadyr,48.2553,72.8483,4.35,88,100,8.58,KZ,1699720425
424,acapulco de juarez,16.8634,-99.8901,30.18,66,55,1.11,MX,1699720357
425,belyy yar,53.6039,91.3903,-11.06,92,99,2.0,RU,1699720426
426,kristiansund,63.1115,7.732,3.36,60,47,3.09,NO,1699720426
427,koungheul,13.9833,-14.8,37.34,14,49,1.32,SN,1699720426
428,timbuktu,16.7735,-3.0074,34.81,11,0,2.61,ML,1699720426
429,tomatlan,19.9333,-105.25,29.09,68,100,0.37,MX,1699720426
430,margate,51.3813,1.3862,7.61,80,20,0.89,GB,1699720337
431,copiapo,-27.3667,-70.3333,28.64,22,0,4.84,CL,1699720320
432,nar'yan-mar,67.6713,53.087,-4.94,94,92,8.05,RU,1699720427
433,prien,30.1819,-93.2738,15.99,96,100,4.63,US,1699720427
434,akureyri,65.6835,-18.0878,-4.04,86,0,1.03,IS,1699720427
435,aykhal,66.0,111.5,-15.73,92,91,2.2,RU,1699720427
436,marsabit,2.3284,37.9899,21.1,70,76,3.9,KE,1699720428
437,hasaki,35.7333,140.8333,10.22,65,100,6.59,JP,1699720428
438,fisterra,42.9049,-9.2629,17.64,96,100,11.74,ES,1699720428
439,viedma,-40.8135,-62.9967,28.22,14,23,11.35,AR,1699720428
440,panaba,21.2833,-88.2667,32.68,52,81,4.94,MX,1699720428
441,bertioga,-23.8544,-46.1386,30.57,60,25,2.01,BR,1699720428
442,santiago del torno,-17.9833,-63.3833,36.42,25,97,7.27,BO,1699720306
443,el alto,-4.2714,-81.2147,24.81,64,46,6.15,PE,1699720428
444,oodweyne,9.4092,45.064,23.84,59,99,5.1,SO,1699720429
445,taulaga,-11.0553,-171.0883,28.06,77,50,3.27,AS,1699720429
446,revda,56.801,59.9303,1.39,99,100,1.3,RU,1699720429
447,novokayakent,42.3937,47.9861,14.25,80,54,2.28,RU,1699720429
448,progreso,21.2833,-89.6667,27.28,84,80,2.75,MX,1699720429
449,nuku'alofa,-21.1333,-175.2,22.19,83,75,6.69,TO,1699720429
450,novyy buh,47.6931,32.5216,13.6,84,100,8.6,UA,1699720430
451,keflavik,64.0049,-22.5624,4.24,93,75,5.66,IS,1699720430
452,turpan,42.9333,89.1667,8.43,34,97,0.56,CN,1699720430
453,boguchany,58.3814,97.4531,-12.3,93,8,0.89,RU,1699720430
454,kharakvasla,18.4333,73.7667,24.1,51,29,1.31,IN,1699720430
455,la'ie,21.6477,-157.9253,25.25,76,6,3.13,US,1699720430
456,sylt-ost,54.8833,8.35,7.22,93,75,3.6,DE,1699720431
457,myrina,39.8797,25.0742,19.58,68,40,4.63,GR,1699720431
458,port lincoln,-34.7333,135.8667,12.54,75,99,5.15,AU,1699720431
459,hilton head island,32.2163,-80.7526,16.1,81,100,6.69,US,1699720431
460,san antonio de pale,-1.4014,5.6325,25.87,85,97,4.91,GQ,1699720431
461,douz,33.4663,9.0203,18.27,36,1,0.98,TN,1699720431
462,kalabo,-14.97,22.6814,27.83,37,98,1.77,ZM,1699720432
463,puerto escondido,15.85,-97.0667,30.46,58,20,1.03,MX,1699720432
464,aitape,-3.1374,142.3475,25.82,90,100,1.22,PG,1699720432
465,mersa matruh,31.3525,27.2453,22.43,75,57,3.44,EG,1699720432
466,cabo san lucas,22.8909,-109.9124,29.17,60,0,1.54,MX,1699720263
467,bogotol,56.2078,89.5342,-4.3,90,100,2.57,RU,1699720432
468,basyun,30.9398,30.8134,22.54,66,99,4.47,EG,1699720433
469,ouadda,8.0777,22.4007,21.79,92,81,1.15,CF,1699720433
470,borovnica,45.9158,14.3631,7.81,82,42,1.14,SI,1699720433
471,uliastay,47.7417,96.8444,-14.13,56,62,3.24,MN,1699720433
472,minas de marcona,-15.2119,-75.1103,19.36,67,74,6.19,PE,1699720433
473,hingoli,19.7167,77.15,23.01,51,65,1.66,IN,1699720433
474,boa vista,2.8197,-60.6733,33.99,46,40,5.66,BR,1699720292
475,prey veng,11.4868,105.3253,25.86,87,43,2.6,KH,1699720434
476,gisborne,-38.6533,178.0042,8.04,85,4,2.75,NZ,1699720434
477,teguise,29.0605,-13.564,22.12,69,20,9.77,ES,1699720434
478,talodi,10.6325,30.3797,30.53,42,72,0.78,SD,1699720434
479,northam,51.0333,-4.2167,9.81,87,100,5.12,GB,1699720434
480,bodaybo,57.8506,114.1933,-17.69,100,92,0.8,RU,1699720434
481,batouri,4.4333,14.3667,22.31,94,99,1.05,CM,1699720435
482,alexander city,32.944,-85.9539,13.51,100,100,3.6,US,1699720435
483,pavlodar,52.3,76.95,3.89,81,0,4.0,KZ,1699720435
484,lagunas,-5.2269,-75.6753,37.18,37,70,0.12,PE,1699720435
485,waingapu,-9.6567,120.2641,27.29,77,100,0.55,ID,1699720435
486,nemuro,43.3236,145.575,2.53,66,25,6.35,JP,1699720435
487,pudozh,61.8099,36.5345,2.75,98,100,2.68,RU,1699720400
488,laborde,-33.1532,-62.8566,26.57,30,0,3.84,AR,1699720436
489,marsala,37.7966,12.4352,21.97,68,40,4.63,IT,1699720436
490,kikwit,-5.041,18.8162,22.1,97,95,1.36,CD,1699720436
491,yanam,16.7333,82.2167,24.23,76,4,1.67,IN,1699720436
492,maracaju,-21.6144,-55.1683,40.82,19,38,7.51,BR,1699720436
493,kidal,18.4411,1.4078,32.41,6,1,4.1,ML,1699720436
494,nadi,-17.8,177.4167,24.0,73,20,4.12,FJ,1699720436
495,port saint john's,-31.6229,29.5448,20.75,86,99,6.39,ZA,1699720437
496,zaraza,9.3503,-65.3245,35.12,40,65,2.72,VE,1699720437
497,terra santa,-2.1042,-56.4869,38.73,28,9,2.73,BR,1699720437
498,jiayuguan,39.8167,98.3,-3.18,38,100,3.06,CN,1699720437
499,bam,29.106,58.357,19.95,27,69,0.67,IR,1699720437
500,harper,4.375,-7.7169,26.73,84,51,4.1,LR,1699720437
501,notse,6.95,1.1667,27.76,76,79,3.08,TG,1699720437
502,hadibu,12.65,54.0333,26.81,84,100,5.7,YE,1699720438
503,caleta olivia,-46.4393,-67.5281,20.06,22,76,11.15,AR,1699720300
504,hammerfest,70.6634,23.6821,-0.75,69,100,3.6,NO,1699720438
505,jyvaskyla,62.2415,25.7209,-0.59,100,100,3.09,FI,1699720438
506,lepsy,46.235,78.9456,7.15,64,100,2.88,KZ,1699720438
507,puerto lempira,15.2667,-83.7667,28.98,81,85,5.31,HN,1699720438
508,beloyarskiy,63.7119,66.6722,0.0,99,100,2.68,RU,1699720438
509,lichtenburg,-26.152,26.1597,26.9,24,88,3.13,ZA,1699720439
510,pandan,14.0453,124.1694,26.87,81,62,3.82,PH,1699720439
511,chui,-33.6971,-53.4616,28.75,66,60,3.74,UY,1699720439
512,bartoszyce,54.2535,20.8082,8.18,90,100,1.12,PL,1699720439
513,puerto deseado,-47.7503,-65.8938,18.29,33,99,7.45,AR,1699720302
514,bentota,6.4254,79.9948,26.51,84,99,1.69,LK,1699720439
515,carinhanha,-14.3047,-43.765,38.38,18,5,0.64,BR,1699720439
516,calvinia,-31.4707,19.776,16.46,40,16,6.07,ZA,1699720439
517,helena valley southeast,46.6153,-111.9216,8.4,70,100,1.54,US,1699720440
518,benghazi,32.1167,20.0667,23.28,59,24,2.18,LY,1699720440
519,caucete,-31.6518,-68.2811,30.38,17,0,0.56,AR,1699720440
520,fukuecho,32.6881,128.8419,14.01,69,100,9.35,JP,1699720440
521,novoorsk,51.381,58.9813,4.36,82,100,7.02,RU,1699720440
522,obidos,-1.9175,-55.5181,36.97,34,14,3.19,BR,1699720440
523,collie,-33.3667,116.15,10.82,76,89,5.36,AU,1699720440
524,danao,10.5208,124.0272,29.98,78,60,2.24,PH,1699720440
525,tual,-5.6667,132.75,28.15,78,96,3.66,ID,1699720441
526,reggane,26.7158,0.1714,29.19,16,3,3.37,DZ,1699720441
527,tocancipa,4.9653,-73.913,17.9,77,94,1.94,CO,1699720441
528,booue,-0.0921,11.9385,23.81,91,100,1.17,GA,1699720441
529,tarija,-21.5355,-64.7296,31.95,25,75,2.57,BO,1699720441
530,new norfolk,-42.7826,147.0587,9.72,93,51,1.46,AU,1699720442
531,roja,57.5,22.8167,6.72,91,100,3.08,LV,1699720442
532,chambas,22.1928,-78.9136,29.63,67,44,6.87,CU,1699720442
533,okhotsk,59.3833,143.3,-18.6,87,7,9.25,RU,1699720442
534,san luis de la loma,17.2706,-100.8939,30.09,67,36,1.54,MX,1699720442
535,tadine,-21.55,167.8833,21.49,70,38,7.97,NC,1699720442
536,zuenoula,7.4292,-6.0431,29.04,73,45,1.61,CI,1699720442
537,sao vicente,-23.9631,-46.3919,39.1,26,43,0.45,BR,1699720197
538,ataq,14.5377,46.8319,23.17,43,4,1.47,YE,1699720443
539,mirny,62.5353,113.9611,-9.87,61,100,7.15,RU,1699720443
540,jiangzi,28.95,89.6333,-3.81,59,1,2.88,CN,1699720443
541,ishim,56.1128,69.4902,3.35,82,100,3.58,RU,1699720443
542,natal,-5.795,-35.2094,31.36,51,40,7.72,BR,1699720411
543,inirida,3.8653,-67.9239,29.59,73,98,1.0,CO,1699720277
544,kuanda,56.3161,116.0806,-15.47,95,91,0.15,RU,1699720444
545,paka,4.6374,103.4368,26.96,94,80,0.0,MY,1699720444
546,whangarei,-35.7317,174.3239,7.94,96,48,1.23,NZ,1699720444
547,hemsby,52.6971,1.6918,7.99,92,42,5.13,GB,1699720444
548,inarajan village,13.2736,144.7484,28.54,84,91,9.24,GU,1699720444
549,salinas,36.6777,-121.6555,14.91,57,0,4.63,US,1699720278
